row,kind,mAP_fixed,mAP_adaptive,gain,ci_low,ci_high,verdict
clean,condition,0.6251,0.625,-0.0,-0.0003,0.0002,tie
noise_s10,condition,0.6043,0.6032,-0.0011,-0.0038,0.0015,tie
noise_s25,condition,0.5732,0.5769,0.0037,0.0006,0.0069,gain
noise_s50,condition,0.4636,0.477,0.0134,0.0099,0.0172,gain
blur_k5,condition,0.5787,0.5796,0.0009,-0.0001,0.0018,tie
blur_k9,condition,0.5402,0.5427,0.0025,0.0012,0.0038,gain
blur_k15,condition,0.4892,0.4936,0.0043,0.0029,0.0058,gain
jpeg_q30,condition,0.612,0.612,-0.0001,-0.0002,0.0,tie
jpeg_q10,condition,0.5535,0.5534,-0.0001,-0.0002,0.0,tie
dark_x0.6,condition,0.5655,0.5654,-0.0001,-0.0003,0.0001,tie
dark_x0.4,condition,0.4989,0.4988,-0.0,-0.0001,0.0,tie
lowcon_x0.6,condition,0.5535,0.5532,-0.0003,-0.0007,0.0,tie
lowcon_x0.4,condition,0.466,0.4659,-0.0001,-0.0005,0.0002,tie
ALL degraded,pooled,0.5415,0.5435,0.0019,0.001,0.0029,gain
"noise (s10, s25, s50)",pooled,0.547,0.5524,0.0053,0.0025,0.0083,gain
"blur (k5, k9, k15)",pooled,0.536,0.5386,0.0026,0.0014,0.0037,gain
"jpeg (q30, q10)",pooled,0.5827,0.5827,-0.0001,-0.0002,0.0,tie
dark/low-contrast (4 conds),pooled,0.521,0.5208,-0.0001,-0.0003,0.0,tie
