norm,w_clip,w_classical_concat,P@5,P@10,mAP
none,0.95,0.05,0.8657,0.8266,0.5717
zscore,0.95,0.05,0.8657,0.826,0.5716
zscore,1.0,0.0,0.8651,0.8255,0.5704
none,1.0,0.0,0.8651,0.8255,0.5704
none,0.9,0.1,0.8641,0.8246,0.5697
zscore,0.9,0.1,0.8647,0.8242,0.5688
none,0.85,0.15,0.8627,0.8196,0.5644
zscore,0.85,0.15,0.8575,0.8174,0.5614
none,0.8,0.2,0.8561,0.8121,0.5554
zscore,0.8,0.2,0.8524,0.8075,0.5499
none,0.75,0.25,0.8473,0.8027,0.5427
zscore,0.75,0.25,0.8416,0.794,0.534
none,0.7,0.3,0.8378,0.7878,0.5264
zscore,0.7,0.3,0.8249,0.7757,0.5143
none,0.65,0.35,0.8237,0.7716,0.5064
zscore,0.65,0.35,0.811,0.7575,0.491
none,0.6,0.4,0.8082,0.7496,0.4829
zscore,0.6,0.4,0.7945,0.7344,0.4644
none,0.55,0.45,0.7892,0.7283,0.4563
zscore,0.55,0.45,0.7712,0.7106,0.4357
none,0.5,0.5,0.7684,0.7019,0.4274
zscore,0.5,0.5,0.7512,0.6821,0.4051
none,0.45,0.55,0.7425,0.6733,0.3962
zscore,0.45,0.55,0.7229,0.6541,0.3737
none,0.4,0.6,0.7159,0.6441,0.3639
zscore,0.4,0.6,0.6931,0.6238,0.3418
none,0.35,0.65,0.6822,0.6119,0.3309
zscore,0.35,0.65,0.6627,0.5911,0.3103
none,0.3,0.7,0.648,0.5762,0.2981
zscore,0.3,0.7,0.6292,0.5533,0.2798
none,0.25,0.75,0.611,0.534,0.2661
zscore,0.25,0.75,0.59,0.5138,0.2508
none,0.2,0.8,0.5676,0.4899,0.236
zscore,0.2,0.8,0.55,0.4733,0.2237
none,0.15,0.85,0.5218,0.4464,0.2078
zscore,0.15,0.85,0.5059,0.4317,0.1991
none,0.1,0.9,0.472,0.4,0.1821
zscore,0.1,0.9,0.4584,0.3881,0.1767
none,0.05,0.95,0.4167,0.3549,0.1591
zscore,0.05,0.95,0.4118,0.349,0.1566
zscore,0.0,1.0,0.3633,0.3081,0.1387
none,0.0,1.0,0.3633,0.3081,0.1387
