condition,kind,factor,retriever,P@5,P@10,mAP,mAP_clean,mAP_retained_pct
clean,clean,1.0,color,0.3988,0.344,0.1552,0.1552,100.0
clean,clean,1.0,texture,0.142,0.1224,0.0469,0.0469,100.0
clean,clean,1.0,edge,0.0844,0.0704,0.0344,0.0344,100.0
clean,clean,1.0,dct,0.102,0.0912,0.0478,0.0478,100.0
clean,clean,1.0,classical_concat,0.428,0.3746,0.1634,0.1634,100.0
clean,clean,1.0,clip,0.9136,0.8798,0.6242,0.6242,100.0
dark_x0.6,dark,0.6,color,0.1828,0.1624,0.0717,0.1552,46.2
dark_x0.6,dark,0.6,texture,0.1316,0.1118,0.046,0.0469,98.1
dark_x0.6,dark,0.6,edge,0.0836,0.0708,0.0344,0.0344,100.0
dark_x0.6,dark,0.6,dct,0.0644,0.0598,0.0444,0.0478,92.9
dark_x0.6,dark,0.6,classical_concat,0.2176,0.1936,0.0804,0.1634,49.2
dark_x0.6,dark,0.6,clip,0.8784,0.8396,0.5655,0.6242,90.6
dark_x0.4,dark,0.4,color,0.1044,0.0974,0.048,0.1552,30.9
dark_x0.4,dark,0.4,texture,0.0768,0.0742,0.038,0.0469,81.0
dark_x0.4,dark,0.4,edge,0.0828,0.0718,0.0345,0.0344,100.3
dark_x0.4,dark,0.4,dct,0.0412,0.0374,0.0372,0.0478,77.8
dark_x0.4,dark,0.4,classical_concat,0.1332,0.122,0.0548,0.1634,33.5
dark_x0.4,dark,0.4,clip,0.8168,0.776,0.4997,0.6242,80.1
lowcon_x0.6,lowcon,0.6,color,0.1032,0.0914,0.045,0.1552,29.0
lowcon_x0.6,lowcon,0.6,texture,0.1332,0.1132,0.0467,0.0469,99.6
lowcon_x0.6,lowcon,0.6,edge,0.084,0.0716,0.0344,0.0344,100.0
lowcon_x0.6,lowcon,0.6,dct,0.0968,0.085,0.0492,0.0478,102.9
lowcon_x0.6,lowcon,0.6,classical_concat,0.1328,0.1166,0.0544,0.1634,33.3
lowcon_x0.6,lowcon,0.6,clip,0.862,0.827,0.5524,0.6242,88.5
lowcon_x0.4,lowcon,0.4,color,0.0452,0.0418,0.0252,0.1552,16.2
lowcon_x0.4,lowcon,0.4,texture,0.0764,0.073,0.0377,0.0469,80.4
lowcon_x0.4,lowcon,0.4,edge,0.0828,0.0714,0.0345,0.0344,100.3
lowcon_x0.4,lowcon,0.4,dct,0.0684,0.0616,0.0429,0.0478,89.7
lowcon_x0.4,lowcon,0.4,classical_concat,0.0664,0.062,0.0309,0.1634,18.9
lowcon_x0.4,lowcon,0.4,clip,0.7648,0.719,0.4642,0.6242,74.4
