condition,sharpness,noise,brightness,contrast,jpeg_blockiness
clean,123.57,0.641,122.786,53.386,1.325
noise_s10,981.004,6.694,124.095,53.394,1.046
noise_s25,5285.301,16.035,130.37,54.523,1.011
noise_s50,17952.352,29.747,143.771,57.212,1.003
blur_k5,17.953,0.324,122.717,52.166,0.999
blur_k9,6.555,0.304,122.635,51.451,1.001
blur_k15,3.351,0.295,122.514,50.597,1.007
jpeg_q30,131.544,0.542,122.879,53.257,1.831
jpeg_q10,147.498,0.394,122.471,53.09,3.359
dark_x0.4,21.646,0.401,49.12,21.359,1.317
lowcon_x0.4,21.643,0.401,103.043,21.354,1.317
