kind,level,condition,restoration,retriever,P@5,P@10,mAP,mAP_clean,mAP_degraded,mAP_gain,recovery_pct
noise,10,noise_s10,median3,color,0.3904,0.3404,0.1536,0.1552,0.1532,0.0003,
noise,10,noise_s10,median3,texture,0.0712,0.0688,0.0308,0.0469,0.0294,0.0014,7.8326
noise,10,noise_s10,median3,edge,0.08,0.0702,0.0341,0.0344,0.034,0.0001,
noise,10,noise_s10,median3,dct,0.0924,0.0882,0.0468,0.0478,0.0478,-0.001,
noise,10,noise_s10,median3,classical_concat,0.4136,0.3618,0.1586,0.1634,0.1578,0.0008,14.668
noise,10,noise_s10,median3,clip,0.8896,0.8542,0.5784,0.6242,0.5998,-0.0215,-87.9458
noise,10,noise_s10,median5,color,0.3908,0.3412,0.154,0.1552,0.1532,0.0008,
noise,10,noise_s10,median5,texture,0.0704,0.0558,0.0303,0.0469,0.0294,0.0009,5.3109
noise,10,noise_s10,median5,edge,0.078,0.0702,0.0341,0.0344,0.034,0.0001,
noise,10,noise_s10,median5,dct,0.084,0.0802,0.0435,0.0478,0.0478,-0.0043,
noise,10,noise_s10,median5,classical_concat,0.4112,0.3622,0.1594,0.1634,0.1578,0.0016,28.4372
noise,10,noise_s10,median5,clip,0.8668,0.8264,0.5429,0.6242,0.5998,-0.057,-233.4162
noise,10,noise_s10,gaussian3,color,0.3944,0.3414,0.1536,0.1552,0.1532,0.0004,
noise,10,noise_s10,gaussian3,texture,0.0796,0.0716,0.0319,0.0469,0.0294,0.0025,14.3284
noise,10,noise_s10,gaussian3,edge,0.0796,0.0702,0.0342,0.0344,0.034,0.0001,
noise,10,noise_s10,gaussian3,dct,0.0896,0.0896,0.0467,0.0478,0.0478,-0.0012,
noise,10,noise_s10,gaussian3,classical_concat,0.414,0.3654,0.1589,0.1634,0.1578,0.001,18.5415
noise,10,noise_s10,gaussian3,clip,0.8912,0.8562,0.5845,0.6242,0.5998,-0.0153,-62.7323
noise,10,noise_s10,gaussian5,color,0.3944,0.3418,0.1538,0.1552,0.1532,0.0006,
noise,10,noise_s10,gaussian5,texture,0.0756,0.0684,0.0327,0.0469,0.0294,0.0033,18.7001
noise,10,noise_s10,gaussian5,edge,0.078,0.0718,0.0342,0.0344,0.034,0.0001,
noise,10,noise_s10,gaussian5,dct,0.0836,0.0826,0.0449,0.0478,0.0478,-0.0029,
noise,10,noise_s10,gaussian5,classical_concat,0.4128,0.3654,0.1591,0.1634,0.1578,0.0013,23.3223
noise,10,noise_s10,gaussian5,clip,0.8884,0.8462,0.5686,0.6242,0.5998,-0.0312,-127.7355
noise,25,noise_s25,median3,color,0.36,0.3148,0.144,0.1552,0.1398,0.0042,27.3371
noise,25,noise_s25,median3,texture,0.0324,0.0292,0.0213,0.0469,0.0202,0.001,3.8529
noise,25,noise_s25,median3,edge,0.0752,0.0628,0.0326,0.0344,0.0324,0.0002,
noise,25,noise_s25,median3,dct,0.0856,0.0814,0.0462,0.0478,0.0454,0.0008,
noise,25,noise_s25,median3,classical_concat,0.3664,0.3298,0.1433,0.1634,0.1386,0.0047,18.9963
noise,25,noise_s25,median3,clip,0.8392,0.8042,0.5377,0.6242,0.5658,-0.0281,-48.0251
noise,25,noise_s25,median5,color,0.3704,0.3238,0.1471,0.1552,0.1398,0.0073,47.7098
noise,25,noise_s25,median5,texture,0.0352,0.035,0.0226,0.0469,0.0202,0.0024,8.8666
noise,25,noise_s25,median5,edge,0.076,0.0674,0.0331,0.0344,0.0324,0.0007,
noise,25,noise_s25,median5,dct,0.0788,0.0732,0.044,0.0478,0.0454,-0.0014,
noise,25,noise_s25,median5,classical_concat,0.3844,0.3402,0.1486,0.1634,0.1386,0.0101,40.4935
noise,25,noise_s25,median5,clip,0.8244,0.7914,0.5148,0.6242,0.5658,-0.051,-87.2836
noise,25,noise_s25,gaussian3,color,0.3624,0.314,0.1416,0.1552,0.1398,0.0018,11.7017
noise,25,noise_s25,gaussian3,texture,0.0332,0.0304,0.0218,0.0469,0.0202,0.0015,5.7358
noise,25,noise_s25,gaussian3,edge,0.0708,0.0656,0.0328,0.0344,0.0324,0.0004,
noise,25,noise_s25,gaussian3,dct,0.0868,0.082,0.0463,0.0478,0.0454,0.0008,
noise,25,noise_s25,gaussian3,classical_concat,0.3724,0.3278,0.1425,0.1634,0.1386,0.004,15.9886
noise,25,noise_s25,gaussian3,clip,0.852,0.8144,0.5457,0.6242,0.5658,-0.0201,-34.4217
noise,25,noise_s25,gaussian5,color,0.364,0.3172,0.1425,0.1552,0.1398,0.0027,17.7792
noise,25,noise_s25,gaussian5,texture,0.0432,0.0372,0.0232,0.0469,0.0202,0.003,11.206
noise,25,noise_s25,gaussian5,edge,0.0736,0.066,0.033,0.0344,0.0324,0.0006,
noise,25,noise_s25,gaussian5,dct,0.0888,0.0806,0.0458,0.0478,0.0454,0.0004,
noise,25,noise_s25,gaussian5,classical_concat,0.3772,0.3318,0.1446,0.1634,0.1386,0.006,24.285
noise,25,noise_s25,gaussian5,clip,0.8472,0.812,0.5328,0.6242,0.5658,-0.033,-56.4626
noise,50,noise_s50,median3,color,0.2684,0.2418,0.1114,0.1552,0.0971,0.0143,24.561
noise,50,noise_s50,median3,texture,0.0116,0.011,0.0185,0.0469,0.0187,-0.0002,-0.5677
noise,50,noise_s50,median3,edge,0.0552,0.0486,0.0285,0.0344,0.028,0.0005,7.0884
noise,50,noise_s50,median3,dct,0.0632,0.0638,0.0407,0.0478,0.0371,0.0036,33.9002
noise,50,noise_s50,median3,classical_concat,0.2656,0.243,0.1084,0.1634,0.0947,0.0137,19.9074
noise,50,noise_s50,median3,clip,0.7172,0.6824,0.4331,0.6242,0.4517,-0.0186,-10.7808
noise,50,noise_s50,median5,color,0.2984,0.2642,0.1208,0.1552,0.0971,0.0237,40.7662
noise,50,noise_s50,median5,texture,0.0188,0.0172,0.019,0.0469,0.0187,0.0003,1.2134
noise,50,noise_s50,median5,edge,0.064,0.0514,0.0299,0.0344,0.028,0.0019,29.1606
noise,50,noise_s50,median5,dct,0.068,0.0678,0.0435,0.0478,0.0371,0.0063,59.5323
noise,50,noise_s50,median5,classical_concat,0.3024,0.2716,0.12,0.1634,0.0947,0.0253,36.8464
noise,50,noise_s50,median5,clip,0.726,0.6792,0.4181,0.6242,0.4517,-0.0337,-19.5271
noise,50,noise_s50,gaussian3,color,0.252,0.2198,0.1014,0.1552,0.0971,0.0043,7.4558
noise,50,noise_s50,gaussian3,texture,0.0144,0.0124,0.0186,0.0469,0.0187,-0.0,-0.1731
noise,50,noise_s50,gaussian3,edge,0.0608,0.0522,0.0291,0.0344,0.028,0.0011,16.7737
noise,50,noise_s50,gaussian3,dct,0.0668,0.0646,0.0408,0.0478,0.0371,0.0037,34.9517
noise,50,noise_s50,gaussian3,classical_concat,0.254,0.2294,0.1008,0.1634,0.0947,0.0061,8.9441
noise,50,noise_s50,gaussian3,clip,0.7412,0.6972,0.4424,0.6242,0.4517,-0.0093,-5.3971
noise,50,noise_s50,gaussian5,color,0.2588,0.226,0.1037,0.1552,0.0971,0.0066,11.3318
noise,50,noise_s50,gaussian5,texture,0.0152,0.0152,0.0187,0.0469,0.0187,0.0,0.0515
noise,50,noise_s50,gaussian5,edge,0.0628,0.051,0.0298,0.0344,0.028,0.0018,27.6965
noise,50,noise_s50,gaussian5,dct,0.0732,0.0696,0.0427,0.0478,0.0371,0.0055,52.0126
noise,50,noise_s50,gaussian5,classical_concat,0.268,0.2394,0.1044,0.1634,0.0947,0.0097,14.1433
noise,50,noise_s50,gaussian5,clip,0.7384,0.7006,0.4364,0.6242,0.4517,-0.0154,-8.9096
blur,5,blur_k5,median3,color,0.3996,0.3454,0.1552,0.1552,0.1552,-0.0,
blur,5,blur_k5,median3,texture,0.1224,0.1042,0.0426,0.0469,0.0444,-0.0018,
blur,5,blur_k5,median3,edge,0.0804,0.0722,0.0345,0.0344,0.0345,0.0,
blur,5,blur_k5,median3,dct,0.086,0.082,0.0432,0.0478,0.0442,-0.0011,
blur,5,blur_k5,median3,classical_concat,0.4236,0.3698,0.1624,0.1634,0.1627,-0.0003,
blur,5,blur_k5,median3,clip,0.8776,0.8438,0.5634,0.6242,0.5745,-0.0111,-22.3482
blur,5,blur_k5,median5,color,0.3984,0.3456,0.1551,0.1552,0.1552,-0.0001,
blur,5,blur_k5,median5,texture,0.1004,0.0892,0.0379,0.0469,0.0444,-0.0065,
blur,5,blur_k5,median5,edge,0.08,0.0722,0.0345,0.0344,0.0345,-0.0,
blur,5,blur_k5,median5,dct,0.0848,0.076,0.0405,0.0478,0.0442,-0.0037,
blur,5,blur_k5,median5,classical_concat,0.4196,0.3684,0.1618,0.1634,0.1627,-0.0009,
blur,5,blur_k5,median5,clip,0.8588,0.8198,0.5365,0.6242,0.5745,-0.038,-76.45
blur,5,blur_k5,gaussian3,color,0.3984,0.3454,0.1551,0.1552,0.1552,-0.0,
blur,5,blur_k5,gaussian3,texture,0.1188,0.1012,0.0419,0.0469,0.0444,-0.0025,
blur,5,blur_k5,gaussian3,edge,0.0808,0.0726,0.0344,0.0344,0.0345,-0.0,
blur,5,blur_k5,gaussian3,dct,0.0852,0.0774,0.0421,0.0478,0.0442,-0.0022,
blur,5,blur_k5,gaussian3,classical_concat,0.4228,0.3692,0.1622,0.1634,0.1627,-0.0005,
blur,5,blur_k5,gaussian3,clip,0.8764,0.8464,0.562,0.6242,0.5745,-0.0125,-25.0816
blur,5,blur_k5,gaussian5,color,0.4,0.3454,0.155,0.1552,0.1552,-0.0001,
blur,5,blur_k5,gaussian5,texture,0.1064,0.0948,0.0393,0.0469,0.0444,-0.0051,
blur,5,blur_k5,gaussian5,edge,0.0796,0.0724,0.0345,0.0344,0.0345,0.0,
blur,5,blur_k5,gaussian5,dct,0.0756,0.073,0.04,0.0478,0.0442,-0.0043,
blur,5,blur_k5,gaussian5,classical_concat,0.42,0.3674,0.1617,0.1634,0.1627,-0.001,
blur,5,blur_k5,gaussian5,clip,0.8704,0.8344,0.5501,0.6242,0.5745,-0.0244,-49.0429
blur,9,blur_k9,median3,color,0.398,0.343,0.1549,0.1552,0.155,-0.0001,
blur,9,blur_k9,median3,texture,0.0908,0.0816,0.0354,0.0469,0.0363,-0.0009,-8.1855
blur,9,blur_k9,median3,edge,0.08,0.0716,0.0345,0.0344,0.0344,0.0001,
blur,9,blur_k9,median3,dct,0.0616,0.0608,0.0362,0.0478,0.0369,-0.0007,-6.3876
blur,9,blur_k9,median3,classical_concat,0.4188,0.3652,0.161,0.1634,0.1612,-0.0002,
blur,9,blur_k9,median3,clip,0.8532,0.8084,0.5291,0.6242,0.5344,-0.0053,-5.88
blur,9,blur_k9,median5,color,0.3976,0.3438,0.1548,0.1552,0.155,-0.0001,
blur,9,blur_k9,median5,texture,0.0744,0.0706,0.033,0.0469,0.0363,-0.0033,-30.5738
blur,9,blur_k9,median5,edge,0.0804,0.0716,0.0344,0.0344,0.0344,0.0,
blur,9,blur_k9,median5,dct,0.0572,0.0568,0.0344,0.0478,0.0369,-0.0025,-22.9611
blur,9,blur_k9,median5,classical_concat,0.4148,0.364,0.1603,0.1634,0.1612,-0.0009,
blur,9,blur_k9,median5,clip,0.8364,0.7862,0.5112,0.6242,0.5344,-0.0232,-25.7641
blur,9,blur_k9,gaussian3,color,0.3988,0.3448,0.1549,0.1552,0.155,-0.0001,
blur,9,blur_k9,gaussian3,texture,0.0896,0.0796,0.0351,0.0469,0.0363,-0.0012,-11.1518
blur,9,blur_k9,gaussian3,edge,0.08,0.0708,0.0344,0.0344,0.0344,0.0,
blur,9,blur_k9,gaussian3,dct,0.0604,0.057,0.0352,0.0478,0.0369,-0.0016,-15.1239
blur,9,blur_k9,gaussian3,classical_concat,0.4176,0.3644,0.1608,0.1634,0.1612,-0.0004,
blur,9,blur_k9,gaussian3,clip,0.8524,0.8082,0.5277,0.6242,0.5344,-0.0067,-7.4009
blur,9,blur_k9,gaussian5,color,0.3996,0.3436,0.1548,0.1552,0.155,-0.0001,
blur,9,blur_k9,gaussian5,texture,0.0824,0.0746,0.0339,0.0469,0.0363,-0.0024,-22.6269
blur,9,blur_k9,gaussian5,edge,0.0768,0.0708,0.0344,0.0344,0.0344,0.0,
blur,9,blur_k9,gaussian5,dct,0.0524,0.0552,0.0336,0.0478,0.0369,-0.0032,-29.6529
blur,9,blur_k9,gaussian5,classical_concat,0.416,0.364,0.1604,0.1634,0.1612,-0.0008,
blur,9,blur_k9,gaussian5,clip,0.8424,0.7976,0.5192,0.6242,0.5344,-0.0151,-16.8524
blur,15,blur_k15,median3,color,0.4,0.345,0.1544,0.1552,0.1544,0.0,
blur,15,blur_k15,median3,texture,0.0556,0.0508,0.0295,0.0469,0.0297,-0.0001,-0.7504
blur,15,blur_k15,median3,edge,0.0768,0.0698,0.0342,0.0344,0.0342,0.0,
blur,15,blur_k15,median3,dct,0.0404,0.0392,0.0279,0.0478,0.0281,-0.0001,-0.744
blur,15,blur_k15,median3,classical_concat,0.4096,0.3568,0.1581,0.1634,0.1582,-0.0002,-3.257
blur,15,blur_k15,median3,clip,0.7988,0.7524,0.4783,0.6242,0.4814,-0.0031,-2.1824
blur,15,blur_k15,median5,color,0.3988,0.344,0.1544,0.1552,0.1544,-0.0001,
blur,15,blur_k15,median5,texture,0.0536,0.0476,0.0289,0.0469,0.0297,-0.0008,-4.3415
blur,15,blur_k15,median5,edge,0.0772,0.0712,0.0342,0.0344,0.0342,0.0001,
blur,15,blur_k15,median5,dct,0.0372,0.0368,0.0273,0.0478,0.0281,-0.0007,-3.6793
blur,15,blur_k15,median5,classical_concat,0.4068,0.3542,0.1576,0.1634,0.1582,-0.0007,-12.9012
blur,15,blur_k15,median5,clip,0.7788,0.7382,0.4658,0.6242,0.4814,-0.0156,-10.9392
blur,15,blur_k15,gaussian3,color,0.4004,0.3452,0.1544,0.1552,0.1544,-0.0,
blur,15,blur_k15,gaussian3,texture,0.0532,0.051,0.0294,0.0469,0.0297,-0.0002,-1.1988
blur,15,blur_k15,gaussian3,edge,0.078,0.0702,0.0342,0.0344,0.0342,0.0,
blur,15,blur_k15,gaussian3,dct,0.038,0.0372,0.0275,0.0478,0.0281,-0.0005,-2.6803
blur,15,blur_k15,gaussian3,classical_concat,0.408,0.3554,0.1579,0.1634,0.1582,-0.0003,-6.2162
blur,15,blur_k15,gaussian3,clip,0.7956,0.7494,0.477,0.6242,0.4814,-0.0045,-3.1304
blur,15,blur_k15,gaussian5,color,0.4004,0.3442,0.1544,0.1552,0.1544,-0.0001,
blur,15,blur_k15,gaussian5,texture,0.0544,0.0474,0.0291,0.0469,0.0297,-0.0006,-3.39
blur,15,blur_k15,gaussian5,edge,0.0772,0.0706,0.0341,0.0344,0.0342,-0.0,
blur,15,blur_k15,gaussian5,dct,0.0368,0.0366,0.027,0.0478,0.0281,-0.0011,-5.5718
blur,15,blur_k15,gaussian5,classical_concat,0.406,0.3542,0.1576,0.1634,0.1582,-0.0007,-12.6345
blur,15,blur_k15,gaussian5,clip,0.7896,0.7422,0.4703,0.6242,0.4814,-0.0111,-7.8081
jpeg,30,jpeg_q30,median3,color,0.3916,0.3372,0.1535,0.1552,0.1534,0.0001,
jpeg,30,jpeg_q30,median3,texture,0.1172,0.1032,0.0447,0.0469,0.0447,-0.0001,
jpeg,30,jpeg_q30,median3,edge,0.082,0.0706,0.0343,0.0344,0.0342,0.0001,
jpeg,30,jpeg_q30,median3,dct,0.0996,0.091,0.0469,0.0478,0.0479,-0.001,
jpeg,30,jpeg_q30,median3,classical_concat,0.4256,0.3728,0.1616,0.1634,0.1617,-0.0001,
jpeg,30,jpeg_q30,median3,clip,0.8972,0.8646,0.6101,0.6242,0.6087,0.0014,9.2066
jpeg,30,jpeg_q30,median5,color,0.39,0.338,0.1536,0.1552,0.1534,0.0003,
jpeg,30,jpeg_q30,median5,texture,0.0952,0.088,0.0409,0.0469,0.0447,-0.0039,
jpeg,30,jpeg_q30,median5,edge,0.0804,0.0716,0.0343,0.0344,0.0342,0.0001,
jpeg,30,jpeg_q30,median5,dct,0.0896,0.0822,0.0439,0.0478,0.0479,-0.0039,
jpeg,30,jpeg_q30,median5,classical_concat,0.4212,0.3686,0.1611,0.1634,0.1617,-0.0006,
jpeg,30,jpeg_q30,median5,clip,0.882,0.8504,0.5799,0.6242,0.6087,-0.0288,-185.8438
jpeg,30,jpeg_q30,gaussian3,color,0.3924,0.3368,0.1535,0.1552,0.1534,0.0001,
jpeg,30,jpeg_q30,gaussian3,texture,0.1244,0.107,0.0453,0.0469,0.0447,0.0006,
jpeg,30,jpeg_q30,gaussian3,edge,0.0828,0.0706,0.0343,0.0344,0.0342,0.0001,
jpeg,30,jpeg_q30,gaussian3,dct,0.0964,0.0896,0.0464,0.0478,0.0479,-0.0015,
jpeg,30,jpeg_q30,gaussian3,classical_concat,0.4264,0.3708,0.1615,0.1634,0.1617,-0.0002,
jpeg,30,jpeg_q30,gaussian3,clip,0.896,0.8654,0.6073,0.6242,0.6087,-0.0014,-9.1303
jpeg,30,jpeg_q30,gaussian5,color,0.3924,0.337,0.1535,0.1552,0.1534,0.0001,
jpeg,30,jpeg_q30,gaussian5,texture,0.1164,0.1028,0.0442,0.0469,0.0447,-0.0006,
jpeg,30,jpeg_q30,gaussian5,edge,0.08,0.0706,0.0342,0.0344,0.0342,-0.0,
jpeg,30,jpeg_q30,gaussian5,dct,0.088,0.0814,0.0444,0.0478,0.0479,-0.0035,
jpeg,30,jpeg_q30,gaussian5,classical_concat,0.4224,0.3706,0.1613,0.1634,0.1617,-0.0005,
jpeg,30,jpeg_q30,gaussian5,clip,0.894,0.8594,0.5922,0.6242,0.6087,-0.0165,-106.5024
jpeg,10,jpeg_q10,median3,color,0.3376,0.3018,0.1414,0.1552,0.1411,0.0002,1.4454
jpeg,10,jpeg_q10,median3,texture,0.0408,0.0376,0.0284,0.0469,0.0288,-0.0005,-2.72
jpeg,10,jpeg_q10,median3,edge,0.076,0.0654,0.0337,0.0344,0.0336,0.0001,
jpeg,10,jpeg_q10,median3,dct,0.0884,0.082,0.0463,0.0478,0.0473,-0.0009,
jpeg,10,jpeg_q10,median3,classical_concat,0.3636,0.327,0.1481,0.1634,0.1479,0.0002,1.2721
jpeg,10,jpeg_q10,median3,clip,0.828,0.7946,0.5453,0.6242,0.5462,-0.0009,-1.1719
jpeg,10,jpeg_q10,median5,color,0.34,0.3024,0.142,0.1552,0.1411,0.0008,5.9482
jpeg,10,jpeg_q10,median5,texture,0.03,0.0306,0.0267,0.0469,0.0288,-0.0021,-11.7475
jpeg,10,jpeg_q10,median5,edge,0.078,0.0688,0.0338,0.0344,0.0336,0.0002,
jpeg,10,jpeg_q10,median5,dct,0.0768,0.0746,0.0436,0.0478,0.0473,-0.0037,
jpeg,10,jpeg_q10,median5,classical_concat,0.3608,0.3298,0.1482,0.1634,0.1479,0.0003,1.7952
jpeg,10,jpeg_q10,median5,clip,0.8112,0.7864,0.5295,0.6242,0.5462,-0.0167,-21.3917
jpeg,10,jpeg_q10,gaussian3,color,0.3412,0.302,0.1416,0.1552,0.1411,0.0005,3.3747
jpeg,10,jpeg_q10,gaussian3,texture,0.0396,0.0388,0.0295,0.0469,0.0288,0.0007,3.6384
jpeg,10,jpeg_q10,gaussian3,edge,0.0784,0.068,0.0337,0.0344,0.0336,0.0001,
jpeg,10,jpeg_q10,gaussian3,dct,0.0852,0.0818,0.046,0.0478,0.0473,-0.0013,
jpeg,10,jpeg_q10,gaussian3,classical_concat,0.3636,0.3296,0.1485,0.1634,0.1479,0.0006,3.5785
jpeg,10,jpeg_q10,gaussian3,clip,0.8264,0.791,0.5409,0.6242,0.5462,-0.0053,-6.7876
jpeg,10,jpeg_q10,gaussian5,color,0.3416,0.3036,0.142,0.1552,0.1411,0.0009,6.1233
jpeg,10,jpeg_q10,gaussian5,texture,0.0424,0.0396,0.03,0.0469,0.0288,0.0011,6.2608
jpeg,10,jpeg_q10,gaussian5,edge,0.0776,0.0688,0.0338,0.0344,0.0336,0.0002,
jpeg,10,jpeg_q10,gaussian5,dct,0.0784,0.0766,0.0441,0.0478,0.0473,-0.0031,
jpeg,10,jpeg_q10,gaussian5,classical_concat,0.3668,0.3324,0.1488,0.1634,0.1479,0.0009,5.7358
jpeg,10,jpeg_q10,gaussian5,clip,0.8184,0.788,0.5305,0.6242,0.5462,-0.0157,-20.0744
