kind,level,condition,retriever,P@5,P@10,mAP
clean,0,clean,color,0.3988,0.344,0.1552
clean,0,clean,texture,0.142,0.1224,0.0469
clean,0,clean,edge,0.0844,0.0704,0.0344
clean,0,clean,dct,0.102,0.0912,0.0478
clean,0,clean,classical_concat,0.428,0.3746,0.1634
clean,0,clean,clip,0.9136,0.8798,0.6242
noise,10,noise_s10,color,0.394,0.3398,0.1532
noise,10,noise_s10,texture,0.0672,0.0602,0.0294
noise,10,noise_s10,edge,0.0804,0.0696,0.034
noise,10,noise_s10,dct,0.096,0.091,0.0478
noise,10,noise_s10,classical_concat,0.4096,0.3628,0.1578
noise,10,noise_s10,clip,0.904,0.8686,0.5998
noise,25,noise_s25,color,0.3536,0.3072,0.1398
noise,25,noise_s25,texture,0.0244,0.021,0.0202
noise,25,noise_s25,edge,0.0704,0.0632,0.0324
noise,25,noise_s25,dct,0.084,0.0816,0.0454
noise,25,noise_s25,classical_concat,0.3584,0.3194,0.1386
noise,25,noise_s25,clip,0.8632,0.8284,0.5658
noise,50,noise_s50,color,0.238,0.2106,0.0971
noise,50,noise_s50,texture,0.0144,0.0138,0.0187
noise,50,noise_s50,edge,0.0544,0.0468,0.028
noise,50,noise_s50,dct,0.0544,0.0594,0.0371
noise,50,noise_s50,classical_concat,0.242,0.2152,0.0947
noise,50,noise_s50,clip,0.7368,0.7,0.4517
blur,5,blur_k5,color,0.3984,0.3452,0.1552
blur,5,blur_k5,texture,0.1344,0.109,0.0444
blur,5,blur_k5,edge,0.0796,0.0726,0.0345
blur,5,blur_k5,dct,0.0916,0.0846,0.0442
blur,5,blur_k5,classical_concat,0.4244,0.373,0.1627
blur,5,blur_k5,clip,0.8864,0.853,0.5745
blur,9,blur_k9,color,0.3988,0.3434,0.155
blur,9,blur_k9,texture,0.0932,0.0838,0.0363
blur,9,blur_k9,edge,0.0804,0.072,0.0344
blur,9,blur_k9,dct,0.062,0.0632,0.0369
blur,9,blur_k9,classical_concat,0.4176,0.366,0.1612
blur,9,blur_k9,clip,0.8572,0.8152,0.5344
blur,15,blur_k15,color,0.4004,0.3456,0.1544
blur,15,blur_k15,texture,0.0564,0.0526,0.0297
blur,15,blur_k15,edge,0.0776,0.0706,0.0342
blur,15,blur_k15,dct,0.0396,0.0394,0.0281
blur,15,blur_k15,classical_concat,0.4136,0.357,0.1582
blur,15,blur_k15,clip,0.8,0.757,0.4814
jpeg,30,jpeg_q30,color,0.392,0.3366,0.1534
jpeg,30,jpeg_q30,texture,0.1248,0.1078,0.0447
jpeg,30,jpeg_q30,edge,0.0824,0.0698,0.0342
jpeg,30,jpeg_q30,dct,0.1,0.094,0.0479
jpeg,30,jpeg_q30,classical_concat,0.4264,0.3732,0.1617
jpeg,30,jpeg_q30,clip,0.8908,0.8614,0.6087
jpeg,10,jpeg_q10,color,0.3388,0.3016,0.1411
jpeg,10,jpeg_q10,texture,0.042,0.0406,0.0288
jpeg,10,jpeg_q10,edge,0.0776,0.0664,0.0336
jpeg,10,jpeg_q10,dct,0.0948,0.086,0.0473
jpeg,10,jpeg_q10,classical_concat,0.3668,0.3276,0.1479
jpeg,10,jpeg_q10,clip,0.8232,0.794,0.5462
